TARGET_CLASS,attempt,criterion,Coverage,Total_Goals,BranchCoverage,LineCoverage,CBranchCoverage,Covered_Goals,Tests_Executed
edu.stanford.nlp.pipeline.QuoteAnnotator,3,BRANCH;LINE;CBRANCH,0.8560687432867884,931,0.8556701030927835,0.8595988538681948,0.852233676975945,797,117
edu.stanford.nlp.pipeline.QuoteAnnotator,4,BRANCH;LINE;CBRANCH,0.719656283566058,931,0.7594501718213058,0.667621776504298,0.7422680412371134,670,102
edu.stanford.nlp.pipeline.QuoteAnnotator,5,BRANCH;LINE;CBRANCH,0.7400644468313641,931,0.7766323024054983,0.6876790830945558,0.7663230240549829,689,128
edu.stanford.nlp.pipeline.QuoteAnnotator,2,BRANCH;LINE;CBRANCH,0.715359828141783,931,0.7457044673539519,0.670487106017192,0.738831615120275,666,130
edu.stanford.nlp.pipeline.QuoteAnnotator,1,BRANCH;LINE;CBRANCH,0.7218045112781954,931,0.7491408934707904,0.6790830945558739,0.7457044673539519,672,105
edu.stanford.nlp.pipeline.QuoteAttributionAnnotator,1,BRANCH;LINE;CBRANCH,0.3671875,256,0.4576271186440678,0.2898550724637681,0.4576271186440678,94,20
edu.stanford.nlp.pipeline.QuoteAttributionAnnotator,2,BRANCH;LINE;CBRANCH,0.3671875,256,0.4576271186440678,0.2898550724637681,0.4576271186440678,94,20
edu.stanford.nlp.pipeline.QuoteAttributionAnnotator,3,BRANCH;LINE;CBRANCH,0.3671875,256,0.4576271186440678,0.2898550724637681,0.4576271186440678,94,20
edu.stanford.nlp.pipeline.QuoteAttributionAnnotator,4,BRANCH;LINE;CBRANCH,0.3671875,256,0.4576271186440678,0.2898550724637681,0.4576271186440678,94,20
edu.stanford.nlp.pipeline.QuoteAttributionAnnotator,5,BRANCH;LINE;CBRANCH,0.3671875,256,0.4576271186440678,0.2898550724637681,0.4576271186440678,94,20
edu.stanford.nlp.pipeline.EntityMentionsAnnotator,4,BRANCH;LINE;CBRANCH,0.7227926078028748,487,0.6824324324324325,0.7853403141361257,0.6824324324324325,352,36
edu.stanford.nlp.pipeline.EntityMentionsAnnotator,3,BRANCH;LINE;CBRANCH,0.7597535934291582,487,0.7027027027027027,0.8481675392670157,0.7027027027027027,370,35
edu.stanford.nlp.pipeline.EntityMentionsAnnotator,2,BRANCH;LINE;CBRANCH,0.7166324435318275,487,0.6756756756756757,0.7801047120418848,0.6756756756756757,349,33
edu.stanford.nlp.pipeline.EntityMentionsAnnotator,5,BRANCH;LINE;CBRANCH,0.7125256673511293,487,0.668918918918919,0.7801047120418848,0.668918918918919,347,29
edu.stanford.nlp.pipeline.EntityMentionsAnnotator,1,BRANCH;LINE;CBRANCH,0.7104722792607803,487,0.6756756756756757,0.7643979057591623,0.6756756756756757,346,34
edu.stanford.nlp.pipeline.TokenizerAnnotator,1,BRANCH;LINE;CBRANCH,0.8584905660377359,424,0.8760330578512396,0.8351648351648352,0.8760330578512396,364,76
edu.stanford.nlp.pipeline.TokenizerAnnotator,4,BRANCH;LINE;CBRANCH,0.8584905660377359,424,0.8760330578512396,0.8351648351648352,0.8760330578512396,364,72
edu.stanford.nlp.pipeline.TokenizerAnnotator,3,BRANCH;LINE;CBRANCH,0.7240566037735849,424,0.7272727272727273,0.7362637362637363,0.7024793388429752,307,27
edu.stanford.nlp.pipeline.TokenizerAnnotator,2,BRANCH;LINE;CBRANCH,0.2806603773584906,424,0.2809917355371901,0.3021978021978022,0.24793388429752067,119,3
edu.stanford.nlp.pipeline.TokenizerAnnotator,5,BRANCH;LINE;CBRANCH,0.8584905660377359,424,0.8760330578512396,0.8351648351648352,0.8760330578512396,364,72
edu.stanford.nlp.pipeline.POSTaggerAnnotator,1,BRANCH;LINE;CBRANCH,0.6111111111111112,144,0.6111111111111112,0.6111111111111112,0.6111111111111112,88,24
edu.stanford.nlp.pipeline.POSTaggerAnnotator,5,BRANCH;LINE;CBRANCH,0.7222222222222222,144,0.75,0.7083333333333334,0.7222222222222222,104,24
edu.stanford.nlp.pipeline.POSTaggerAnnotator,2,BRANCH;LINE;CBRANCH,0.7291666666666666,144,0.75,0.7083333333333334,0.75,105,24
edu.stanford.nlp.pipeline.POSTaggerAnnotator,3,BRANCH;LINE;CBRANCH,0.7291666666666666,144,0.75,0.7083333333333334,0.75,105,25
edu.stanford.nlp.pipeline.POSTaggerAnnotator,4,BRANCH;LINE;CBRANCH,0.7083333333333334,144,0.7222222222222222,0.6944444444444444,0.7222222222222222,102,24
edu.stanford.nlp.pipeline.CoreDocument,1,BRANCH;LINE;CBRANCH,0.7362637362637363,91,0.7407407407407407,0.8648648648648649,0.5555555555555556,67,24
edu.stanford.nlp.pipeline.CoreDocument,3,BRANCH;LINE;CBRANCH,0.7912087912087912,91,0.7407407407407407,0.8648648648648649,0.7407407407407407,72,28
edu.stanford.nlp.pipeline.CoreDocument,4,BRANCH;LINE;CBRANCH,0.7912087912087912,91,0.7407407407407407,0.8648648648648649,0.7407407407407407,72,27
edu.stanford.nlp.pipeline.CoreDocument,5,BRANCH;LINE;CBRANCH,0.7912087912087912,91,0.7407407407407407,0.8648648648648649,0.7407407407407407,72,28
edu.stanford.nlp.pipeline.CoreDocument,2,BRANCH;LINE;CBRANCH,0.7912087912087912,91,0.7407407407407407,0.8648648648648649,0.7407407407407407,72,26
edu.stanford.nlp.pipeline.KBPAnnotator,5,BRANCH;LINE;CBRANCH,0.02063106796116505,824,0.00816326530612245,0.038922155688622756,0.00816326530612245,17,5
edu.stanford.nlp.pipeline.KBPAnnotator,2,BRANCH;LINE;CBRANCH,0.02063106796116505,824,0.00816326530612245,0.038922155688622756,0.00816326530612245,17,5
edu.stanford.nlp.pipeline.KBPAnnotator,3,BRANCH;LINE;CBRANCH,0.02063106796116505,824,0.00816326530612245,0.038922155688622756,0.00816326530612245,17,5
edu.stanford.nlp.pipeline.KBPAnnotator,4,BRANCH;LINE;CBRANCH,0.02063106796116505,824,0.00816326530612245,0.038922155688622756,0.00816326530612245,17,4
edu.stanford.nlp.pipeline.KBPAnnotator,1,BRANCH;LINE;CBRANCH,0.02063106796116505,824,0.00816326530612245,0.038922155688622756,0.00816326530612245,17,5
edu.stanford.nlp.process.Morphology,1,BRANCH;LINE;CBRANCH,0.9241706161137441,211,1.0,0.9405940594059405,0.8181818181818182,195,56
edu.stanford.nlp.process.Morphology,2,BRANCH;LINE;CBRANCH,0.933649289099526,211,1.0,0.9405940594059405,0.8545454545454545,197,61
edu.stanford.nlp.process.Morphology,3,BRANCH;LINE;CBRANCH,0.8151658767772512,211,0.8909090909090909,0.8316831683168316,0.7090909090909091,172,52
edu.stanford.nlp.process.Morphology,4,BRANCH;LINE;CBRANCH,0.8151658767772512,211,0.8909090909090909,0.8316831683168316,0.7090909090909091,172,50
edu.stanford.nlp.process.Morphology,5,BRANCH;LINE;CBRANCH,0.9241706161137441,211,1.0,0.9405940594059405,0.8181818181818182,195,59
edu.stanford.nlp.parser.lexparser.LexicalizedParser,4,BRANCH;LINE;CBRANCH,0.22523219814241485,1292,0.19745222929936307,0.2680722891566265,0.1624203821656051,291,31
edu.stanford.nlp.parser.lexparser.LexicalizedParser,3,BRANCH;LINE;CBRANCH,0.7530959752321982,1292,0.7165605095541401,0.7921686746987951,0.7070063694267515,973,197
edu.stanford.nlp.parser.lexparser.LexicalizedParser,2,BRANCH;LINE;CBRANCH,0.7252321981424149,1292,0.678343949044586,0.7710843373493976,0.6751592356687898,937,196
edu.stanford.nlp.parser.lexparser.LexicalizedParser,5,BRANCH;LINE;CBRANCH,0.7167182662538699,1292,0.6719745222929936,0.7695783132530121,0.6496815286624203,926,183
edu.stanford.nlp.parser.lexparser.LexicalizedParser,1,BRANCH;LINE;CBRANCH,0.7221362229102167,1292,0.6751592356687898,0.7680722891566265,0.6719745222929936,933,187
edu.stanford.nlp.ling.CoreLabel,5,BRANCH;LINE;CBRANCH,0.9713467048710601,698,0.9653465346534653,0.9795918367346939,0.9653465346534653,678,198
edu.stanford.nlp.ling.CoreLabel,2,BRANCH;LINE;CBRANCH,0.9670487106017192,698,0.9603960396039604,0.9761904761904762,0.9603960396039604,675,181
edu.stanford.nlp.ling.CoreLabel,3,BRANCH;LINE;CBRANCH,0.9742120343839542,698,0.9702970297029703,0.9829931972789115,0.9653465346534653,680,199
edu.stanford.nlp.ling.CoreLabel,4,BRANCH;LINE;CBRANCH,0.9527220630372493,698,0.9554455445544554,0.9489795918367347,0.9554455445544554,665,182
edu.stanford.nlp.ling.CoreLabel,1,BRANCH;LINE;CBRANCH,0.9799426934097422,698,0.9752475247524752,0.9863945578231292,0.9752475247524752,684,190
edu.stanford.nlp.coref.data.Mention,1,BRANCH;LINE;CBRANCH,0.3730373578776394,3694,0.3477633477633478,0.4761388286334056,0.3297258297258297,1378,460
edu.stanford.nlp.coref.data.Mention,2,BRANCH;LINE;CBRANCH,0.3386572820790471,3694,0.3124098124098124,0.42950108459869846,0.30447330447330445,1251,410
edu.stanford.nlp.coref.data.Mention,5,BRANCH;LINE;CBRANCH,0.3302652950730915,3694,0.3088023088023088,0.4262472885032538,0.2878787878787879,1220,399
edu.stanford.nlp.coref.data.Mention,4,BRANCH;LINE;CBRANCH,0.20113697888467785,3694,0.16666666666666666,0.3210412147505423,0.15584415584415584,743,207
edu.stanford.nlp.coref.data.Mention,3,BRANCH;LINE;CBRANCH,0.3451543042772063,3694,0.3181818181818182,0.43926247288503256,0.30952380952380953,1275,397
edu.stanford.nlp.dcoref.Mention,1,BRANCH;LINE;CBRANCH,0.3022926691197283,3533,0.2682551883166795,0.4092373791621912,0.2598001537279016,1068,340
edu.stanford.nlp.dcoref.Mention,2,BRANCH;LINE;CBRANCH,0.29238607415793944,3533,0.25672559569561876,0.40494092373791624,0.24750192159877019,1033,323
edu.stanford.nlp.dcoref.Mention,5,BRANCH;LINE;CBRANCH,0.312482309651854,3533,0.27824750192159875,0.4264232008592911,0.26518063028439665,1104,348
edu.stanford.nlp.dcoref.Mention,4,BRANCH;LINE;CBRANCH,0.0,3533,0.0,0.0,0.0,0,0
edu.stanford.nlp.dcoref.Mention,3,BRANCH;LINE;CBRANCH,0.30314180583073874,3533,0.2674865488086088,0.41568206229860366,0.2582628747117602,1071,333
edu.stanford.nlp.pipeline.WordsToSentencesAnnotator,1,BRANCH;LINE;CBRANCH,0.8040345821325648,347,0.7840909090909091,0.8245614035087719,0.7840909090909091,279,38
edu.stanford.nlp.pipeline.WordsToSentencesAnnotator,3,BRANCH;LINE;CBRANCH,0.8040345821325648,347,0.7840909090909091,0.8245614035087719,0.7840909090909091,279,44
edu.stanford.nlp.pipeline.WordsToSentencesAnnotator,4,BRANCH;LINE;CBRANCH,0.8040345821325648,347,0.7840909090909091,0.8245614035087719,0.7840909090909091,279,39
edu.stanford.nlp.pipeline.WordsToSentencesAnnotator,5,BRANCH;LINE;CBRANCH,0.55412103746397696,347,0.66136363636363635,0.7184210526315789,0.70136363636363635,109,24
edu.stanford.nlp.pipeline.WordsToSentencesAnnotator,2,BRANCH;LINE;CBRANCH,0.8040345821325648,347,0.7840909090909091,0.8245614035087719,0.7840909090909091,279,44
edu.stanford.nlp.pipeline.ParserAnnotator,3,BRANCH;LINE;CBRANCH,0.1897018970189702,369,0.11904761904761904,0.24875621890547264,0.11904761904761904,70,12
edu.stanford.nlp.pipeline.ParserAnnotator,4,BRANCH;LINE;CBRANCH,0.1897018970189702,369,0.11904761904761904,0.24875621890547264,0.11904761904761904,70,14
edu.stanford.nlp.pipeline.ParserAnnotator,5,BRANCH;LINE;CBRANCH,0.17073170731707318,369,0.08333333333333333,0.24378109452736318,0.08333333333333333,63,5
edu.stanford.nlp.pipeline.ParserAnnotator,2,BRANCH;LINE;CBRANCH,0.1897018970189702,369,0.11904761904761904,0.24875621890547264,0.11904761904761904,70,12
edu.stanford.nlp.pipeline.ParserAnnotator,1,BRANCH;LINE;CBRANCH,0.1897018970189702,369,0.11904761904761904,0.24875621890547264,0.11904761904761904,70,13
edu.stanford.nlp.process.PTBTokenizer,1,BRANCH;LINE;CBRANCH,0.7236084452975048,521,0.6950354609929078,0.7782426778242678,0.6595744680851063,377,71
edu.stanford.nlp.process.PTBTokenizer,5,BRANCH;LINE;CBRANCH,0.72552783109405,521,0.6879432624113475,0.7907949790794979,0.6524822695035462,378,68
edu.stanford.nlp.process.PTBTokenizer,2,BRANCH;LINE;CBRANCH,0.7120921305182342,521,0.6808510638297872,0.7698744769874477,0.6453900709219859,371,68
edu.stanford.nlp.process.PTBTokenizer,3,BRANCH;LINE;CBRANCH,0.21113243761996162,521,0.12056737588652482,0.3263598326359833,0.10638297872340426,110,3
edu.stanford.nlp.process.PTBTokenizer,4,BRANCH;LINE;CBRANCH,0.8061420345489443,521,0.7588652482269503,0.8828451882845189,0.723404255319149,420,83
edu.stanford.nlp.pipeline.MorphaAnnotator,3,BRANCH;LINE;CBRANCH,0.944954128440367,109,0.9117647058823529,1.0,0.9117647058823529,103,18
edu.stanford.nlp.pipeline.MorphaAnnotator,5,BRANCH;LINE;CBRANCH,0.944954128440367,109,0.9117647058823529,1.0,0.9117647058823529,103,23
edu.stanford.nlp.pipeline.MorphaAnnotator,1,BRANCH;LINE;CBRANCH,0.944954128440367,109,0.9117647058823529,1.0,0.9117647058823529,103,23
edu.stanford.nlp.pipeline.MorphaAnnotator,2,BRANCH;LINE;CBRANCH,0.944954128440367,109,0.9117647058823529,1.0,0.9117647058823529,103,23
edu.stanford.nlp.pipeline.MorphaAnnotator,4,BRANCH;LINE;CBRANCH,0.944954128440367,109,0.9117647058823529,1.0,0.9117647058823529,103,23
edu.stanford.nlp.pipeline.NERCombinerAnnotator,1,BRANCH;LINE;CBRANCH,0.5110132158590308,681,0.4444444444444444,0.594059405940594,0.4444444444444444,348,51
edu.stanford.nlp.pipeline.NERCombinerAnnotator,2,BRANCH;LINE;CBRANCH,0.6328928046989721,681,0.5661375661375662,0.7227722772277227,0.5555555555555556,431,74
edu.stanford.nlp.pipeline.NERCombinerAnnotator,5,BRANCH;LINE;CBRANCH,0.7679882525697503,681,0.7248677248677249,0.8613861386138614,0.6613756613756614,523,85
edu.stanford.nlp.pipeline.NERCombinerAnnotator,4,BRANCH;LINE;CBRANCH,0.6152716593245228,681,0.5661375661375662,0.6831683168316832,0.5555555555555556,419,76
edu.stanford.nlp.pipeline.NERCombinerAnnotator,3,BRANCH;LINE;CBRANCH,0.6123348017621145,681,0.544973544973545,0.6963696369636964,0.544973544973545,417,78
edu.stanford.nlp.pipeline.TokensRegexNERAnnotator,3,BRANCH;LINE;CBRANCH,0.5237273511647972,1159,0.4725274725274725,0.617169373549884,0.4642857142857143,607,69
edu.stanford.nlp.pipeline.TokensRegexNERAnnotator,4,BRANCH;LINE;CBRANCH,0.4745470232959448,1159,0.4258241758241758,0.5638051044083526,0.4175824175824176,550,60
edu.stanford.nlp.pipeline.TokensRegexNERAnnotator,5,BRANCH;LINE;CBRANCH,0.4710957722174288,1159,0.4258241758241758,0.5545243619489559,0.4175824175824176,546,62
edu.stanford.nlp.pipeline.TokensRegexNERAnnotator,2,BRANCH;LINE;CBRANCH,0.5349439171699741,1159,0.49175824175824173,0.6148491879350348,0.4835164835164835,620,67
edu.stanford.nlp.pipeline.TokensRegexNERAnnotator,1,BRANCH;LINE;CBRANCH,0.548748921484038,1159,0.510989010989011,0.6194895591647331,0.5027472527472527,636,74
edu.stanford.nlp.parser.lexparser.SplittingGrammarExtractor,1,BRANCH;LINE;CBRANCH,0.584070796460177,1921,0.6242774566473989,0.6919592298980748,0.3603082851637765,1122,64
edu.stanford.nlp.parser.lexparser.SplittingGrammarExtractor,2,BRANCH;LINE;CBRANCH,0.7402394586153045,1921,0.6242774566473989,0.6919592298980748,0.3603082851637765,1122,64
edu.stanford.nlp.parser.lexparser.SplittingGrammarExtractor,3,BRANCH;LINE;CBRANCH,0.584070796460177,1921,0.6242774566473989,0.6919592298980748,0.3603082851637765,1122,64
edu.stanford.nlp.parser.lexparser.SplittingGrammarExtractor,4,BRANCH;LINE;CBRANCH,0.6663196251952108,1921,0.6242774566473989,0.6919592298980748,0.3603082851637765,1122,64
edu.stanford.nlp.parser.lexparser.SplittingGrammarExtractor,5,BRANCH;LINE;CBRANCH,0.7402394586153045,1921,0.6242774566473989,0.6919592298980748,0.3603082851637765,1122,64
edu.stanford.nlp.pipeline.CorefAnnotator,1,BRANCH;LINE;CBRANCH,0.36401673640167365,239,0.3333333333333333,0.39823008849557523,0.3333333333333333,87,54
edu.stanford.nlp.pipeline.CorefAnnotator,2,BRANCH;LINE;CBRANCH,0.36401673640167365,239,0.3333333333333333,0.39823008849557523,0.3333333333333333,87,54
edu.stanford.nlp.pipeline.CorefAnnotator,3,BRANCH;LINE;CBRANCH,0.36401673640167365,239,0.3333333333333333,0.39823008849557523,0.3333333333333333,87,54
edu.stanford.nlp.pipeline.CorefAnnotator,4,BRANCH;LINE;CBRANCH,0.36401673640167365,239,0.3333333333333333,0.39823008849557523,0.3333333333333333,87,54
edu.stanford.nlp.pipeline.CorefAnnotator,5,BRANCH;LINE;CBRANCH,0.36401673640167365,239,0.3333333333333333,0.39823008849557523,0.3333333333333333,87,54
edu.stanford.nlp.pipeline.CorefMentionAnnotator,1,BRANCH;LINE;CBRANCH,0.0375,240,0.014925373134328358,0.0660377358490566,0.014925373134328358,9,2
edu.stanford.nlp.pipeline.CorefMentionAnnotator,2,BRANCH;LINE;CBRANCH,0.0375,240,0.014925373134328358,0.0660377358490566,0.014925373134328358,9,2
edu.stanford.nlp.pipeline.CorefMentionAnnotator,5,BRANCH;LINE;CBRANCH,0.0375,240,0.014925373134328358,0.0660377358490566,0.014925373134328358,9,3
edu.stanford.nlp.pipeline.CorefMentionAnnotator,4,BRANCH;LINE;CBRANCH,0.0375,240,0.014925373134328358,0.0660377358490566,0.014925373134328358,9,3
edu.stanford.nlp.pipeline.CorefMentionAnnotator,3,BRANCH;LINE;CBRANCH,0.0375,240,0.014925373134328358,0.0660377358490566,0.014925373134328358,9,2
edu.stanford.nlp.pipeline.ChineseSegmenterAnnotator,1,BRANCH;LINE;CBRANCH,0.08458646616541353,532,0.06493506493506493,0.11160714285714286,0.06493506493506493,45,9
edu.stanford.nlp.pipeline.ChineseSegmenterAnnotator,3,BRANCH;LINE;CBRANCH,0.08458646616541353,532,0.06493506493506493,0.11160714285714286,0.06493506493506493,45,10
edu.stanford.nlp.pipeline.ChineseSegmenterAnnotator,4,BRANCH;LINE;CBRANCH,0.08458646616541353,532,0.06493506493506493,0.11160714285714286,0.06493506493506493,45,8
edu.stanford.nlp.pipeline.ChineseSegmenterAnnotator,5,BRANCH;LINE;CBRANCH,0.08458646616541353,532,0.06493506493506493,0.11160714285714286,0.06493506493506493,45,8
edu.stanford.nlp.pipeline.ChineseSegmenterAnnotator,2,BRANCH;LINE;CBRANCH,0.08458646616541353,532,0.06493506493506493,0.11160714285714286,0.06493506493506493,45,9
edu.stanford.nlp.pipeline.LabeledChunkIdentifier,1,BRANCH;LINE;CBRANCH,0.7506561679790026,381,0.9712230215827338,0.9514563106796117,0.381294964028777,286,87
edu.stanford.nlp.pipeline.LabeledChunkIdentifier,3,BRANCH;LINE;CBRANCH,0.7506561679790026,381,0.9712230215827338,0.9514563106796117,0.381294964028777,286,89
edu.stanford.nlp.pipeline.LabeledChunkIdentifier,4,BRANCH;LINE;CBRANCH,0.7506561679790026,381,0.9712230215827338,0.9514563106796117,0.381294964028777,286,81
edu.stanford.nlp.pipeline.LabeledChunkIdentifier,5,BRANCH;LINE;CBRANCH,0.7506561679790026,381,0.9712230215827338,0.9514563106796117,0.381294964028777,286,85
edu.stanford.nlp.pipeline.LabeledChunkIdentifier,2,BRANCH;LINE;CBRANCH,0.7506561679790026,381,0.9712230215827338,0.9514563106796117,0.381294964028777,286,82
edu.stanford.nlp.pipeline.WikidictAnnotator,1,BRANCH;LINE;CBRANCH,0.12260536398467432,261,0.06172839506172839,0.2222222222222222,0.06172839506172839,32,10
edu.stanford.nlp.pipeline.WikidictAnnotator,3,BRANCH;LINE;CBRANCH,0.12260536398467432,261,0.06172839506172839,0.2222222222222222,0.06172839506172839,32,8
edu.stanford.nlp.pipeline.WikidictAnnotator,4,BRANCH;LINE;CBRANCH,0.12260536398467432,261,0.06172839506172839,0.2222222222222222,0.06172839506172839,32,10
edu.stanford.nlp.pipeline.WikidictAnnotator,5,BRANCH;LINE;CBRANCH,0.12260536398467432,261,0.06172839506172839,0.2222222222222222,0.06172839506172839,32,8
edu.stanford.nlp.pipeline.WikidictAnnotator,2,BRANCH;LINE;CBRANCH,0.12260536398467432,261,0.06172839506172839,0.2222222222222222,0.06172839506172839,32,11
edu.stanford.nlp.pipeline.ArabicSegmenterAnnotator,3,BRANCH;LINE;CBRANCH,0.27071823204419887,181,0.2619047619047619,0.27835051546391754,0.2619047619047619,49,12
edu.stanford.nlp.pipeline.ArabicSegmenterAnnotator,4,BRANCH;LINE;CBRANCH,0.27071823204419887,181,0.2619047619047619,0.27835051546391754,0.2619047619047619,49,10
edu.stanford.nlp.pipeline.ArabicSegmenterAnnotator,5,BRANCH;LINE;CBRANCH,0.27071823204419887,181,0.2619047619047619,0.27835051546391754,0.2619047619047619,49,12
edu.stanford.nlp.pipeline.ArabicSegmenterAnnotator,2,BRANCH;LINE;CBRANCH,0.27071823204419887,181,0.2619047619047619,0.27835051546391754,0.2619047619047619,49,13
edu.stanford.nlp.pipeline.ArabicSegmenterAnnotator,1,BRANCH;LINE;CBRANCH,0.27071823204419887,181,0.2619047619047619,0.27835051546391754,0.2619047619047619,49,11
edu.stanford.nlp.process.WordToSentenceProcessor,2,BRANCH;LINE;CBRANCH,0.8146341463414634,615,0.794392523364486,0.8609625668449198,0.794392523364486,501,82
edu.stanford.nlp.process.WordToSentenceProcessor,5,BRANCH;LINE;CBRANCH,0.8211382113821138,615,0.794392523364486,0.8823529411764706,0.794392523364486,505,79
edu.stanford.nlp.process.WordToSentenceProcessor,4,BRANCH;LINE;CBRANCH,0.848780487804878,615,0.822429906542056,0.9090909090909091,0.822429906542056,522,81
edu.stanford.nlp.process.WordToSentenceProcessor,3,BRANCH;LINE;CBRANCH,0.7853658536585366,615,0.7523364485981309,0.8609625668449198,0.7523364485981309,483,80
edu.stanford.nlp.process.WordToSentenceProcessor,1,BRANCH;LINE;CBRANCH,0.8357723577235773,615,0.8130841121495327,0.8877005347593583,0.8130841121495327,514,78
edu.stanford.nlp.ie.NERFeatureFactory,1,BRANCH;LINE;CBRANCH,0.3676680972818312,3495,0.31905961376994124,0.4716981132075472,0.31905961376994124,1285,210
edu.stanford.nlp.ie.NERFeatureFactory,2,BRANCH;LINE;CBRANCH,0.36623748211731044,3495,0.327455919395466,0.44923629829290207,0.327455919395466,1280,197
edu.stanford.nlp.ie.NERFeatureFactory,5,BRANCH;LINE;CBRANCH,0.41030042918454934,3495,0.36523929471032746,0.5067385444743935,0.36523929471032746,1434,214
edu.stanford.nlp.ie.NERFeatureFactory,4,BRANCH;LINE;CBRANCH,0.35164520743919886,3495,0.30982367758186397,0.4411500449236298,0.30982367758186397,1229,213
edu.stanford.nlp.ie.NERFeatureFactory,3,BRANCH;LINE;CBRANCH,0.3090128755364807,3495,0.2753988245172124,0.38095238095238093,0.2753988245172124,1080,185
edu.stanford.nlp.pipeline.CleanXmlAnnotator,1,BRANCH;LINE;CBRANCH,0.70,1086,0.78,0.85,0.0440251572327044,336,12
edu.stanford.nlp.pipeline.CleanXmlAnnotator,2,BRANCH;LINE;CBRANCH,0.77,1086,0.78,0.85,0.0440251572327044,336,12
edu.stanford.nlp.pipeline.CleanXmlAnnotator,3,BRANCH;LINE;CBRANCH,0.80,1086,0.78,0.85,0.0440251572327044,336,12
edu.stanford.nlp.pipeline.CleanXmlAnnotator,4,BRANCH;LINE;CBRANCH,0.79,1086,0.77,0.85,0.0440251572327044,336,12
edu.stanford.nlp.pipeline.CleanXmlAnnotator,5,BRANCH;LINE;CBRANCH,0.80,1086,0.81,0.88,0.0440251572327044,336,12
gate.corpora.SerialCorpusImpl,2,BRANCH;LINE;CBRANCH,0.8039906103286385,852,0.823045267489712,0.7814207650273224,0.8189300411522634,685,328
gate.corpora.SerialCorpusImpl,5,BRANCH;LINE;CBRANCH,0.7511737089201878,852,0.7736625514403292,0.7213114754098361,0.7736625514403292,640,314
gate.corpora.SerialCorpusImpl,4,BRANCH;LINE;CBRANCH,0.7476525821596244,852,0.7613168724279835,0.7349726775956285,0.7530864197530864,637,276
gate.corpora.SerialCorpusImpl,3,BRANCH;LINE;CBRANCH,0.7429577464788732,852,0.7654320987654321,0.7349726775956285,0.7325102880658436,633,323
gate.corpora.SerialCorpusImpl,1,BRANCH;LINE;CBRANCH,0.7406103286384976,852,0.7654320987654321,0.7185792349726776,0.7489711934156379,631,297
gate.corpora.CorpusImpl,1,BRANCH;LINE;CBRANCH,0.27920792079207923,505,0.25170068027210885,0.3175355450236967,0.25170068027210885,141,37
gate.corpora.CorpusImpl,5,BRANCH;LINE;CBRANCH,0.27920792079207923,505,0.25170068027210885,0.3175355450236967,0.25170068027210885,141,31
gate.corpora.CorpusImpl,2,BRANCH;LINE;CBRANCH,0.27920792079207923,505,0.25170068027210885,0.3175355450236967,0.25170068027210885,141,37
gate.corpora.CorpusImpl,3,BRANCH;LINE;CBRANCH,0.3069306930693069,505,0.2789115646258503,0.3459715639810427,0.2789115646258503,155,39
gate.corpora.CorpusImpl,4,BRANCH;LINE;CBRANCH,0.27920792079207923,505,0.25170068027210885,0.3175355450236967,0.25170068027210885,141,35
gate.corpora.DocumentImpl,1,BRANCH;LINE;CBRANCH,0.5186104218362283,2418,0.4776536312849162,0.5801217038539553,0.4748603351955307,1254,262
gate.corpora.DocumentImpl,2,BRANCH;LINE;CBRANCH,0.5492142266335814,2418,0.5069832402234636,0.6115618661257607,0.505586592178771,1328,258
gate.corpora.DocumentImpl,5,BRANCH;LINE;CBRANCH,0.5301902398676592,2418,0.49162011173184356,0.5862068965517241,0.49162011173184356,1282,256
gate.corpora.DocumentImpl,4,BRANCH;LINE;CBRANCH,0.5268817204301075,2418,0.4860335195530726,0.5872210953346856,0.48463687150837986,1274,261
gate.corpora.DocumentImpl,3,BRANCH;LINE;CBRANCH,0.5239867659222498,2418,0.48463687150837986,0.5831643002028397,0.4818435754189944,1267,240
gate.corpora.DocumentStaxUtils,2,BRANCH;LINE;CBRANCH,0.4610347085789129,1527,0.4505208333333333,0.4795783926218709,0.4348958333333333,704,160
gate.corpora.DocumentStaxUtils,5,BRANCH;LINE;CBRANCH,0.47085789129011135,1527,0.4609375,0.49670619235836627,0.4296875,719,155
gate.corpora.DocumentStaxUtils,4,BRANCH;LINE;CBRANCH,0.4747871643745907,1527,0.4713541666666667,0.48221343873517786,0.4635416666666667,725,168
gate.corpora.DocumentStaxUtils,3,BRANCH;LINE;CBRANCH,0.5147347740667977,1527,0.4973958333333333,0.541501976284585,0.4791666666666667,786,157
gate.corpora.DocumentStaxUtils,1,BRANCH;LINE;CBRANCH,0.5127701375245579,1527,0.5,0.5362318840579711,0.4791666666666667,783,180
gate.annotation.AnnotationSetImpl,5,BRANCH;LINE;CBRANCH,0.946271050521251,1247,0.9482758620689655,0.9437386569872959,0.9482758620689655,1180,287
gate.annotation.AnnotationSetImpl,2,BRANCH;LINE;CBRANCH,0.946271050521251,1247,0.9482758620689655,0.9437386569872959,0.9482758620689655,1180,287
gate.annotation.AnnotationSetImpl,3,BRANCH;LINE;CBRANCH,0.9470729751403368,1247,0.9482758620689655,0.9455535390199638,0.9482758620689655,1181,300
gate.annotation.AnnotationSetImpl,4,BRANCH;LINE;CBRANCH,0.9486768243785084,1247,0.9511494252873564,0.9455535390199638,0.9511494252873564,1183,302
gate.annotation.AnnotationSetImpl,1,BRANCH;LINE;CBRANCH,0.9470729751403368,1247,0.9482758620689655,0.9455535390199638,0.9482758620689655,1181,300
gate.annotation.AnnotationImpl,1,BRANCH;LINE;CBRANCH,0.9823943661971831,568,0.9804878048780488,0.9873417721518988,0.9804878048780488,558,155
gate.annotation.AnnotationImpl,3,BRANCH;LINE;CBRANCH,0.9929577464788732,568,0.9902439024390244,1.0,0.9902439024390244,564,146
gate.annotation.AnnotationImpl,4,BRANCH;LINE;CBRANCH,0.9876760563380281,568,0.9853658536585366,0.9936708860759493,0.9853658536585366,561,136
gate.annotation.AnnotationImpl,5,BRANCH;LINE;CBRANCH,0.9859154929577465,568,0.9853658536585366,0.9873417721518988,0.9853658536585366,560,140
gate.annotation.AnnotationImpl,2,BRANCH;LINE;CBRANCH,0.9894366197183099,568,0.9853658536585366,1.0,0.9853658536585366,562,150
cc.mallet.types.SparseVector,1,BRANCH;LINE;CBRANCH,0.9566348655680833,1153,0.9488636363636364,0.9710467706013363,0.9460227272727273,1103,268
cc.mallet.types.SparseVector,2,BRANCH;LINE;CBRANCH,0.9566348655680833,1153,0.9488636363636364,0.9710467706013363,0.9460227272727273,1103,268
cc.mallet.types.SparseVector,3,BRANCH;LINE;CBRANCH,0.9566348655680833,1153,0.9488636363636364,0.9710467706013363,0.9460227272727273,1103,268
cc.mallet.types.SparseVector,4,BRANCH;LINE;CBRANCH,0.9566348655680833,1153,0.9488636363636364,0.9710467706013363,0.9460227272727273,1103,268
cc.mallet.types.SparseVector,5,BRANCH;LINE;CBRANCH,0.9666348655680833,1153,0.9588636363636364,0.9710467706013363,0.9460227272727273,1103,268
cc.mallet.types.AugmentableFeatureVector,3,BRANCH;LINE;CBRANCH,0.9793261868300153,1306,0.9707865168539326,0.9975961538461539,0.9707865168539326,1279,316
cc.mallet.types.AugmentableFeatureVector,4,BRANCH;LINE;CBRANCH,0.9793261868300153,1306,0.9707865168539326,0.9975961538461539,0.9707865168539326,1279,316
cc.mallet.types.AugmentableFeatureVector,5,BRANCH;LINE;CBRANCH,0.9785604900459418,1306,0.9707865168539326,0.9975961538461539,0.9685393258426966,1278,317
cc.mallet.types.AugmentableFeatureVector,2,BRANCH;LINE;CBRANCH,0.9793261868300153,1306,0.9707865168539326,0.9975961538461539,0.9707865168539326,1279,298
cc.mallet.types.AugmentableFeatureVector,1,BRANCH;LINE;CBRANCH,0.9793261868300153,1306,0.9707865168539326,0.9975961538461539,0.9707865168539326,1279,304
cc.mallet.classify.MaxEnt,3,BRANCH;LINE;CBRANCH,0.7112462006079028,329,0.686046511627907,0.7452229299363057,0.6744186046511628,234,96
cc.mallet.classify.MaxEnt,4,BRANCH;LINE;CBRANCH,0.7142857142857143,329,0.686046511627907,0.7452229299363057,0.686046511627907,235,104
cc.mallet.classify.MaxEnt,5,BRANCH;LINE;CBRANCH,0.7142857142857143,329,0.686046511627907,0.7452229299363057,0.686046511627907,235,104
cc.mallet.classify.MaxEnt,2,BRANCH;LINE;CBRANCH,0.7142857142857143,329,0.686046511627907,0.7452229299363057,0.686046511627907,235,89
cc.mallet.classify.MaxEnt,1,BRANCH;LINE;CBRANCH,0.6382978723404256,329,0.627906976744186,0.6878980891719745,0.5581395348837209,210,80
cc.mallet.classify.MaxEntOptimizableByLabelLikelihood,1,BRANCH;LINE;CBRANCH,0.9182692307692307,416,0.8695652173913043,0.978494623655914,0.8695652173913043,382,116
cc.mallet.classify.MaxEntOptimizableByLabelLikelihood,2,BRANCH;LINE;CBRANCH,0.90625,416,0.8608695652173913,0.9623655913978495,0.8608695652173913,377,103
cc.mallet.classify.MaxEntOptimizableByLabelLikelihood,5,BRANCH;LINE;CBRANCH,0.8966346153846154,416,0.8521739130434782,0.9516129032258065,0.8521739130434782,373,117
cc.mallet.classify.MaxEntOptimizableByLabelLikelihood,4,BRANCH;LINE;CBRANCH,0.9158653846153846,416,0.8695652173913043,0.9731182795698925,0.8695652173913043,381,116
cc.mallet.classify.MaxEntOptimizableByLabelLikelihood,3,BRANCH;LINE;CBRANCH,0.9206730769230769,416,0.8695652173913043,0.9838709677419355,0.8695652173913043,383,113
cc.mallet.classify.MaxEntOptimizableByLabelDistribution,1,BRANCH;LINE;CBRANCH,0.8671875,384,0.8198198198198198,0.9320987654320988,0.8198198198198198,333,82
cc.mallet.classify.MaxEntOptimizableByLabelDistribution,5,BRANCH;LINE;CBRANCH,0.859375,384,0.8108108108108109,0.9259259259259259,0.8108108108108109,330,91
cc.mallet.classify.MaxEntOptimizableByLabelDistribution,2,BRANCH;LINE;CBRANCH,0.8932291666666666,384,0.8468468468468469,0.9567901234567902,0.8468468468468469,343,95
cc.mallet.classify.MaxEntOptimizableByLabelDistribution,3,BRANCH;LINE;CBRANCH,0.8854166666666666,384,0.8378378378378378,0.9506172839506173,0.8378378378378378,340,92
cc.mallet.classify.MaxEntOptimizableByLabelDistribution,4,BRANCH;LINE;CBRANCH,0.8541666666666666,384,0.8018018018018018,0.9259259259259259,0.8018018018018018,328,85
cc.mallet.cluster.KMeans,1,BRANCH;LINE;CBRANCH,0.5984555984555985,259,0.5616438356164384,0.6460176991150443,0.5616438356164384,155,26
cc.mallet.cluster.KMeans,5,BRANCH;LINE;CBRANCH,0.640926640926641,259,0.6027397260273972,0.6902654867256637,0.6027397260273972,166,25
cc.mallet.cluster.KMeans,4,BRANCH;LINE;CBRANCH,0.640926640926641,259,0.6027397260273972,0.6902654867256637,0.6027397260273972,166,25
cc.mallet.cluster.KMeans,3,BRANCH;LINE;CBRANCH,0.640926640926641,259,0.6027397260273972,0.6902654867256637,0.6027397260273972,166,25
cc.mallet.cluster.KMeans,2,BRANCH;LINE;CBRANCH,0.6138996138996139,259,0.5616438356164384,0.6814159292035398,0.5616438356164384,159,30
cc.mallet.fst.HMM,2,BRANCH;LINE;CBRANCH,0.6867112100965108,1347,0.6846590909090909,0.6920684292379471,0.6789772727272727,925,229
cc.mallet.fst.HMM,5,BRANCH;LINE;CBRANCH,0.7037861915367484,1347,0.6988636363636364,0.7107309486780715,0.6960227272727273,948,257
cc.mallet.fst.HMM,4,BRANCH;LINE;CBRANCH,0.7037861915367484,1347,0.6988636363636364,0.7107309486780715,0.6960227272727273,948,257
cc.mallet.fst.HMM,3,BRANCH;LINE;CBRANCH,0.7037861915367484,1347,0.6988636363636364,0.7107309486780715,0.6960227272727273,948,257
cc.mallet.fst.HMM,1,BRANCH;LINE;CBRANCH,0.7037861915367484,1347,0.6988636363636364,0.7107309486780715,0.6960227272727273,948,257
cc.mallet.fst.SumLatticeBeam,1,BRANCH;LINE;CBRANCH,0.40594059405940597,1313,0.36255924170616116,0.4840085287846482,0.36255924170616116,533,127
cc.mallet.fst.SumLatticeBeam,2,BRANCH;LINE;CBRANCH,0.4028941355674029,1313,0.3578199052132701,0.4840085287846482,0.3578199052132701,529,124
cc.mallet.fst.SumLatticeBeam,5,BRANCH;LINE;CBRANCH,0.4013709063214014,1313,0.3578199052132701,0.47974413646055436,0.3578199052132701,527,133
cc.mallet.fst.SumLatticeBeam,4,BRANCH;LINE;CBRANCH,0.40594059405940597,1313,0.36255924170616116,0.4840085287846482,0.36255924170616116,533,128
cc.mallet.fst.SumLatticeBeam,3,BRANCH;LINE;CBRANCH,0.4044173648134044,1313,0.36018957345971564,0.4840085287846482,0.36018957345971564,531,132
cc.mallet.topics.ParallelTopicModel,4,BRANCH;LINE;CBRANCH,0.5629666500746641,2009,0.5687022900763359,0.5962539021852237,0.4961832061068702,1131,78
cc.mallet.topics.ParallelTopicModel,3,BRANCH;LINE;CBRANCH,0.6764559482329517,2009,0.6603053435114504,0.7138397502601457,0.6240458015267175,1359,73
cc.mallet.topics.ParallelTopicModel,2,BRANCH;LINE;CBRANCH,0.37088103534096565,2009,0.3875572519083969,0.4211540468262234,0.43702290076335876,946,194
cc.mallet.topics.ParallelTopicModel,5,BRANCH;LINE;CBRANCH,0.3849079143852663,2009,0.3951145038167939,0.39739554318418314,0.4351145038167939,934,191
cc.mallet.topics.ParallelTopicModel,1,BRANCH;LINE;CBRANCH,0.4160826281732205,2009,0.4078473232442748,0.4447346514047867,0.3797709923664122,856,168
cc.mallet.topics.LDAHyper,2,BRANCH;LINE;CBRANCH,0.8250355618776671,1406,0.8137535816618912,0.8432203389830508,0.7994269340974212,1160,223
cc.mallet.topics.LDAHyper,5,BRANCH;LINE;CBRANCH,0.8428165007112376,1406,0.8194842406876791,0.8700564971751412,0.8108882521489972,1185,224
cc.mallet.topics.LDAHyper,4,BRANCH;LINE;CBRANCH,0.8257467994310099,1406,0.8137535816618912,0.8418079096045198,0.8051575931232091,1161,222
cc.mallet.topics.LDAHyper,3,BRANCH;LINE;CBRANCH,0.8435277382645804,1406,0.8223495702005731,0.8686440677966102,0.8137535816618912,1186,235
cc.mallet.topics.LDAHyper,1,BRANCH;LINE;CBRANCH,0.8385490753911806,1406,0.8137535816618912,0.8686440677966102,0.8022922636103151,1179,226
cc.mallet.topics.TopicalNGrams,1,BRANCH;LINE;CBRANCH,0.17434620174346202,803,0.13777777777777778,0.2237960339943343,0.13333333333333333,140,43
cc.mallet.topics.TopicalNGrams,3,BRANCH;LINE;CBRANCH,0.17434620174346202,803,0.13777777777777778,0.2237960339943343,0.13333333333333333,140,43
cc.mallet.topics.TopicalNGrams,4,BRANCH;LINE;CBRANCH,0.17310087173100872,803,0.13333333333333333,0.2237960339943343,0.13333333333333333,139,41
cc.mallet.topics.TopicalNGrams,5,BRANCH;LINE;CBRANCH,0.17434620174346202,803,0.13777777777777778,0.2237960339943343,0.13333333333333333,140,42
cc.mallet.topics.TopicalNGrams,2,BRANCH;LINE;CBRANCH,0.17310087173100872,803,0.13333333333333333,0.2237960339943343,0.13333333333333333,139,43
edu.illinois.cs.cogcomp.ner.ClassifiersAndUtils.MemoryEfficientNB,4,BRANCH;LINE;CBRANCH,0.9795918367346939,343,0.9886363636363636,0.9820359281437125,0.9659090909090909,336,94
edu.illinois.cs.cogcomp.ner.ClassifiersAndUtils.MemoryEfficientNB,2,BRANCH;LINE;CBRANCH,0.9970845481049563,343,1.0,1.0,0.9886363636363636,342,92
edu.illinois.cs.cogcomp.ner.ClassifiersAndUtils.MemoryEfficientNB,1,BRANCH;LINE;CBRANCH,0.9970845481049563,343,1.0,1.0,0.9886363636363636,342,92
edu.illinois.cs.cogcomp.ner.ClassifiersAndUtils.MemoryEfficientNB,3,BRANCH;LINE;CBRANCH,0.9970845481049563,343,1.0,1.0,0.9886363636363636,342,92
edu.illinois.cs.cogcomp.ner.ClassifiersAndUtils.MemoryEfficientNB,5,BRANCH;LINE;CBRANCH,1.0,343,1.0,1.0,1.0,343,61
edu.illinois.cs.cogcomp.ner.NERAnnotator,4,BRANCH;LINE;CBRANCH,0.1242603550295858,338,0.10256410256410256,0.15384615384615385,0.07692307692307693,42,14
edu.illinois.cs.cogcomp.ner.NERAnnotator,3,BRANCH;LINE;CBRANCH,0.12721893491124261,338,0.11538461538461539,0.14835164835164835,0.08974358974358974,43,21
edu.illinois.cs.cogcomp.ner.NERAnnotator,5,BRANCH;LINE;CBRANCH,0.15384615384615385,338,0.1282051282051282,0.18681318681318682,0.11538461538461539,52,18
edu.illinois.cs.cogcomp.ner.NERAnnotator,1,BRANCH;LINE;CBRANCH,0.14792899408284024,338,0.1282051282051282,0.17582417582417584,0.11538461538461539,50,15
edu.illinois.cs.cogcomp.ner.NERAnnotator,2,BRANCH;LINE;CBRANCH,0.15384615384615385,338,0.1282051282051282,0.18681318681318682,0.11538461538461539,52,18
edu.illinois.cs.cogcomp.pos.MikheevLearner,5,BRANCH;LINE;CBRANCH,0.6349809885931559,263,0.6,0.6814159292035398,0.6,167,35
edu.illinois.cs.cogcomp.pos.MikheevLearner,2,BRANCH;LINE;CBRANCH,0.6349809885931559,263,0.6,0.6814159292035398,0.6,167,34
edu.illinois.cs.cogcomp.pos.MikheevLearner,3,BRANCH;LINE;CBRANCH,0.6349809885931559,263,0.6,0.6814159292035398,0.6,167,33
edu.illinois.cs.cogcomp.pos.MikheevLearner,4,BRANCH;LINE;CBRANCH,0.6349809885931559,263,0.6,0.6814159292035398,0.6,167,34
edu.illinois.cs.cogcomp.pos.MikheevLearner,1,BRANCH;LINE;CBRANCH,0.6349809885931559,263,0.6,0.6814159292035398,0.6,167,31
edu.illinois.cs.cogcomp.pos.POSBaselineLearner,1,BRANCH;LINE;CBRANCH,0.7654320987654321,243,0.78125,0.7478260869565218,0.78125,186,42
edu.illinois.cs.cogcomp.pos.POSBaselineLearner,4,BRANCH;LINE;CBRANCH,0.7654320987654321,243,0.78125,0.7478260869565218,0.78125,186,42
edu.illinois.cs.cogcomp.pos.POSBaselineLearner,3,BRANCH;LINE;CBRANCH,0.7530864197530864,243,0.765625,0.7391304347826086,0.765625,183,73
edu.illinois.cs.cogcomp.pos.POSBaselineLearner,2,BRANCH;LINE;CBRANCH,0.7530864197530864,243,0.765625,0.7391304347826086,0.765625,183,68
edu.illinois.cs.cogcomp.pos.POSBaselineLearner,5,BRANCH;LINE;CBRANCH,0.7407407407407407,243,0.75,0.7304347826086957,0.75,180,65
org.cogcomp.md.BIOReader,4,BRANCH;LINE;CBRANCH,0.15827338129496402,278,0.140625,0.20666666666666667,0.0625,44,16
org.cogcomp.md.BIOReader,2,BRANCH;LINE;CBRANCH,0.22302158273381295,278,0.171875,0.30666666666666664,0.078125,62,17
org.cogcomp.md.BIOReader,3,BRANCH;LINE;CBRANCH,0.22302158273381295,278,0.171875,0.30666666666666664,0.078125,62,17
org.cogcomp.md.BIOReader,5,BRANCH;LINE;CBRANCH,0.22302158273381295,278,0.171875,0.30666666666666664,0.078125,62,17
org.cogcomp.md.BIOReader,1,BRANCH;LINE;CBRANCH,0.15827338129496402,278,0.140625,0.20666666666666667,0.0625,44,15
org.cogcomp.md.MentionAnnotator,5,BRANCH;LINE;CBRANCH,0.3254901960784314,255,0.3137254901960784,0.3333333333333333,0.3137254901960784,83,16
org.cogcomp.md.MentionAnnotator,4,BRANCH;LINE;CBRANCH,0.3254901960784314,255,0.3137254901960784,0.3333333333333333,0.3137254901960784,83,16
org.cogcomp.md.MentionAnnotator,2,BRANCH;LINE;CBRANCH,0.3254901960784314,255,0.3137254901960784,0.3333333333333333,0.3137254901960784,83,16
org.cogcomp.md.MentionAnnotator,1,BRANCH;LINE;CBRANCH,0.3254901960784314,255,0.3137254901960784,0.3333333333333333,0.3137254901960784,83,16
org.cogcomp.md.MentionAnnotator,3,BRANCH;LINE;CBRANCH,0.26666666666666666,255,0.2549019607843137,0.27450980392156865,0.2549019607843137,68,13
opennlp.tools.ml.maxent.GISTrainer,4,BRANCH;LINE;CBRANCH,0.4282655246252677,467,0.4583333333333333,0.5462555066079295,0.175,200,31
opennlp.tools.ml.maxent.GISTrainer,3,BRANCH;LINE;CBRANCH,0.4197002141327623,467,0.44166666666666665,0.5374449339207048,0.175,196,32
opennlp.tools.ml.maxent.GISTrainer,2,BRANCH;LINE;CBRANCH,0.4197002141327623,467,0.44166666666666665,0.5374449339207048,0.175,196,33
opennlp.tools.ml.maxent.GISTrainer,5,BRANCH;LINE;CBRANCH,0.4197002141327623,467,0.44166666666666665,0.5374449339207048,0.175,196,29
opennlp.tools.ml.maxent.GISTrainer,1,BRANCH;LINE;CBRANCH,0.4089935760171306,467,0.4166666666666667,0.5286343612334802,0.175,191,29
opennlp.tools.stemmer.snowball.greekStemmer,3,BRANCH;LINE;CBRANCH,0.7406931964056482,1558,0.6457765667574932,0.8252427184466019,0.6457765667574932,1154,120
opennlp.tools.stemmer.snowball.greekStemmer,4,BRANCH;LINE;CBRANCH,0.7560975609756098,1558,0.662125340599455,0.8398058252427184,0.662125340599455,1178,152
opennlp.tools.stemmer.snowball.greekStemmer,5,BRANCH;LINE;CBRANCH,0.7432605905006419,1558,0.6457765667574932,0.8300970873786407,0.6457765667574932,1158,112
opennlp.tools.stemmer.snowball.greekStemmer,2,BRANCH;LINE;CBRANCH,0.7522464698331194,1558,0.662125340599455,0.8325242718446602,0.662125340599455,1172,120
opennlp.tools.stemmer.snowball.greekStemmer,1,BRANCH;LINE;CBRANCH,0.7528883183568678,1558,0.659400544959128,0.8361650485436893,0.659400544959128,1173,122
opennlp.tools.stemmer.snowball.arabicStemmer,1,BRANCH;LINE;CBRANCH,0.9297553275453828,1267,0.9173333333333333,0.9477756286266924,0.9173333333333333,1178,161
opennlp.tools.stemmer.snowball.arabicStemmer,2,BRANCH;LINE;CBRANCH,0.9297553275453828,1267,0.9173333333333333,0.9477756286266924,0.9173333333333333,1178,159
opennlp.tools.stemmer.snowball.arabicStemmer,5,BRANCH;LINE;CBRANCH,0.9297553275453828,1267,0.9173333333333333,0.9477756286266924,0.9173333333333333,1178,160
opennlp.tools.stemmer.snowball.arabicStemmer,4,BRANCH;LINE;CBRANCH,0.9297553275453828,1267,0.9173333333333333,0.9477756286266924,0.9173333333333333,1178,159
opennlp.tools.stemmer.snowball.arabicStemmer,3,BRANCH;LINE;CBRANCH,0.9297553275453828,1267,0.9173333333333333,0.9477756286266924,0.9173333333333333,1178,167
opennlp.tools.stemmer.snowball.SnowballProgram,5,BRANCH;LINE;CBRANCH,0.91792656587473,463,0.9349593495934959,0.8986175115207373,0.9349593495934959,425,115
opennlp.tools.stemmer.snowball.SnowballProgram,2,BRANCH;LINE;CBRANCH,0.9352051835853131,463,0.9512195121951219,0.9170506912442397,0.9512195121951219,433,134
opennlp.tools.stemmer.snowball.SnowballProgram,3,BRANCH;LINE;CBRANCH,0.9352051835853131,463,0.9512195121951219,0.9170506912442397,0.9512195121951219,433,119
opennlp.tools.stemmer.snowball.SnowballProgram,4,BRANCH;LINE;CBRANCH,0.9222462203023758,463,0.9349593495934959,0.9078341013824884,0.9349593495934959,427,119
opennlp.tools.stemmer.snowball.SnowballProgram,1,BRANCH;LINE;CBRANCH,0.9352051835853131,463,0.9512195121951219,0.9170506912442397,0.9512195121951219,433,117
opennlp.tools.stemmer.snowball.SnowballStemmer,1,BRANCH;LINE;CBRANCH,1.0,142,1.0,1.0,1.0,142,36
opennlp.tools.stemmer.snowball.SnowballStemmer,3,BRANCH;LINE;CBRANCH,1.0,142,1.0,1.0,1.0,142,33
opennlp.tools.stemmer.snowball.SnowballStemmer,4,BRANCH;LINE;CBRANCH,1.0,142,1.0,1.0,1.0,142,35
opennlp.tools.stemmer.snowball.SnowballStemmer,5,BRANCH;LINE;CBRANCH,1.0,142,1.0,1.0,1.0,142,38
opennlp.tools.stemmer.snowball.SnowballStemmer,2,BRANCH;LINE;CBRANCH,1.0,142,1.0,1.0,1.0,142,35
opennlp.tools.parser.Parse,1,BRANCH;LINE;CBRANCH,0.889564336372847,987,0.8920863309352518,0.9303944315545244,0.8237410071942446,878,252
opennlp.tools.parser.Parse,3,BRANCH;LINE;CBRANCH,0.8936170212765957,987,0.8992805755395683,0.9350348027842227,0.8237410071942446,882,259
opennlp.tools.parser.Parse,4,BRANCH;LINE;CBRANCH,0.8885511651469098,987,0.8920863309352518,0.9303944315545244,0.8201438848920863,877,248
opennlp.tools.parser.Parse,5,BRANCH;LINE;CBRANCH,0.8865248226950354,987,0.8884892086330936,0.9280742459396751,0.8201438848920863,875,272
opennlp.tools.parser.Parse,2,BRANCH;LINE;CBRANCH,0.8865248226950354,987,0.8884892086330936,0.9280742459396751,0.8201438848920863,875,243
opennlp.tools.ngram.NGramModel,3,BRANCH;LINE;CBRANCH,0.9740932642487047,193,0.9649122807017544,0.9873417721518988,0.9649122807017544,188,53
opennlp.tools.ngram.NGramModel,4,BRANCH;LINE;CBRANCH,0.9740932642487047,193,0.9649122807017544,0.9873417721518988,0.9649122807017544,188,55
opennlp.tools.ngram.NGramModel,5,BRANCH;LINE;CBRANCH,0.9740932642487047,193,0.9649122807017544,0.9873417721518988,0.9649122807017544,188,60
opennlp.tools.ngram.NGramModel,2,BRANCH;LINE;CBRANCH,0.9740932642487047,193,0.9649122807017544,0.9873417721518988,0.9649122807017544,188,53
opennlp.tools.ngram.NGramModel,1,BRANCH;LINE;CBRANCH,0.9740932642487047,193,0.9649122807017544,0.9873417721518988,0.9649122807017544,188,54
cc.mallet.topics.MultinomialHMM,4,BRANCH;LINE;CBRANCH,0.4298941798941799,756,0.355,0.5140449438202247,0.355,325,67
cc.mallet.topics.MultinomialHMM,3,BRANCH;LINE;CBRANCH,0.42857142857142855,756,0.355,0.5112359550561798,0.355,324,71
cc.mallet.topics.MultinomialHMM,2,BRANCH;LINE;CBRANCH,0.4298941798941799,756,0.355,0.5140449438202247,0.355,325,67
cc.mallet.topics.MultinomialHMM,5,BRANCH;LINE;CBRANCH,0.42328042328042326,756,0.35,0.5056179775280899,0.35,320,70
cc.mallet.topics.MultinomialHMM,1,BRANCH;LINE;CBRANCH,0.03968253968253968,756,0.02,0.06741573033707865,0.01,30,40
cc.mallet.topics.TopicInferencer,4,BRANCH;LINE;CBRANCH,0.9635922330097088,412,1.0,0.9285714285714286,1.0,397,78
cc.mallet.topics.TopicInferencer,3,BRANCH;LINE;CBRANCH,0.9635922330097088,412,1.0,0.9285714285714286,1.0,397,78
cc.mallet.topics.TopicInferencer,2,BRANCH;LINE;CBRANCH,0.7912621359223301,412,0.8316831683168316,0.7523809523809524,0.8316831683168316,326,62
cc.mallet.topics.TopicInferencer,5,BRANCH;LINE;CBRANCH,0.9101941747572816,412,0.9702970297029703,0.8523809523809524,0.9702970297029703,375,70
cc.mallet.topics.TopicInferencer,1,BRANCH;LINE;CBRANCH,0.9004854368932039,412,0.9702970297029703,0.8333333333333334,0.9702970297029703,371,82
edu.stanford.nlp.pipeline.GenderAnnotator,1,BRANCH;LINE;CBRANCH,0.14084507042253522,71,0.05263157894736842,0.24242424242424243,0.05263157894736842,10,5
edu.stanford.nlp.pipeline.GenderAnnotator,5,BRANCH;LINE;CBRANCH,0.28169014084507044,71,0.2631578947368421,0.42424242424242425,0.05263157894736842,20,5
edu.stanford.nlp.pipeline.GenderAnnotator,2,BRANCH;LINE;CBRANCH,0.28169014084507044,71,0.2631578947368421,0.42424242424242425,0.05263157894736842,20,15
edu.stanford.nlp.pipeline.GenderAnnotator,3,BRANCH;LINE;CBRANCH,0.28169014084507044,71,0.2631578947368421,0.42424242424242425,0.05263157894736842,20,4
edu.stanford.nlp.pipeline.GenderAnnotator,4,BRANCH;LINE;CBRANCH,0.28169014084507044,71,0.2631578947368421,0.42424242424242425,0.05263157894736842,20,3
edu.illinois.cs.cogcomp.core.algorithms.TreeGrep,1,BRANCH;LINE;CBRANCH,0.9411764705882353,306,0.9493670886075949,0.9324324324324325,0.9493670886075949,288,56
edu.illinois.cs.cogcomp.core.algorithms.TreeGrep,2,BRANCH;LINE;CBRANCH,0.9575163398692811,306,0.9620253164556962,0.9527027027027027,0.9620253164556962,293,61
edu.illinois.cs.cogcomp.core.algorithms.TreeGrep,5,BRANCH;LINE;CBRANCH,0.9575163398692811,306,0.9620253164556962,0.9527027027027027,0.9620253164556962,293,61
edu.illinois.cs.cogcomp.core.algorithms.TreeGrep,4,BRANCH;LINE;CBRANCH,0.9411764705882353,306,0.9493670886075949,0.9324324324324325,0.9493670886075949,288,64
edu.illinois.cs.cogcomp.core.algorithms.TreeGrep,3,BRANCH;LINE;CBRANCH,0.9575163398692811,306,0.9620253164556962,0.9527027027027027,0.9620253164556962,293,61
edu.illinois.cs.cogcomp.nlp.lemmatizer.IllinoisLemmatizer,2,BRANCH;LINE;CBRANCH,0.181058495821727,359,0.11538461538461539,0.271523178807947,0.11538461538461539,65,22
edu.illinois.cs.cogcomp.nlp.lemmatizer.IllinoisLemmatizer,5,BRANCH;LINE;CBRANCH,0.181058495821727,359,0.11538461538461539,0.271523178807947,0.11538461538461539,65,20
edu.illinois.cs.cogcomp.nlp.lemmatizer.IllinoisLemmatizer,4,BRANCH;LINE;CBRANCH,0.19220055710306408,359,0.125,0.2847682119205298,0.125,69,25
edu.illinois.cs.cogcomp.nlp.lemmatizer.IllinoisLemmatizer,3,BRANCH;LINE;CBRANCH,0.181058495821727,359,0.11538461538461539,0.271523178807947,0.11538461538461539,65,18
edu.illinois.cs.cogcomp.nlp.lemmatizer.IllinoisLemmatizer,1,BRANCH;LINE;CBRANCH,0.19220055710306408,359,0.125,0.2847682119205298,0.125,69,24
edu.illinois.cs.cogcomp.quant.driver.Quantifier,5,BRANCH;LINE;CBRANCH,0.39,300,0.345679012345679,0.4420289855072464,0.345679012345679,117,34
edu.illinois.cs.cogcomp.quant.driver.Quantifier,2,BRANCH;LINE;CBRANCH,0.39,300,0.345679012345679,0.4420289855072464,0.345679012345679,117,33
edu.illinois.cs.cogcomp.quant.driver.Quantifier,3,BRANCH;LINE;CBRANCH,0.39,300,0.345679012345679,0.4420289855072464,0.345679012345679,117,32
edu.illinois.cs.cogcomp.quant.driver.Quantifier,4,BRANCH;LINE;CBRANCH,0.38,300,0.3333333333333333,0.43478260869565216,0.3333333333333333,114,35
edu.illinois.cs.cogcomp.quant.driver.Quantifier,1,BRANCH;LINE;CBRANCH,0.39,300,0.345679012345679,0.4420289855072464,0.345679012345679,117,28
org.cogcomp.md.ExtentReader,1,BRANCH;LINE;CBRANCH,0.3838383838383838,198,0.34146341463414637,0.4224137931034483,0.3170731707317073,76,16
org.cogcomp.md.ExtentReader,2,BRANCH;LINE;CBRANCH,0.3838383838383838,198,0.34146341463414637,0.4224137931034483,0.3170731707317073,76,18
org.cogcomp.md.ExtentReader,5,BRANCH;LINE;CBRANCH,0.3838383838383838,198,0.34146341463414637,0.4224137931034483,0.3170731707317073,76,19
org.cogcomp.md.ExtentReader,4,BRANCH;LINE;CBRANCH,0.3838383838383838,198,0.34146341463414637,0.4224137931034483,0.3170731707317073,76,17
org.cogcomp.md.ExtentReader,3,BRANCH;LINE;CBRANCH,0.3838383838383838,198,0.34146341463414637,0.4224137931034483,0.3170731707317073,76,21
edu.illinois.cs.cogcomp.comma.datastructures.Comma,4,BRANCH;LINE;CBRANCH,0.41690962099125367,686,0.3978494623655914,0.445859872611465,0.3870967741935484,286,146
edu.illinois.cs.cogcomp.comma.datastructures.Comma,3,BRANCH;LINE;CBRANCH,0.39212827988338195,686,0.3655913978494624,0.4267515923566879,0.3602150537634409,269,134
edu.illinois.cs.cogcomp.comma.datastructures.Comma,2,BRANCH;LINE;CBRANCH,0.41690962099125367,686,0.3978494623655914,0.445859872611465,0.3870967741935484,286,146
edu.illinois.cs.cogcomp.comma.datastructures.Comma,5,BRANCH;LINE;CBRANCH,0.39067055393586003,686,0.3548387096774194,0.43312101910828027,0.3548387096774194,268,140
edu.illinois.cs.cogcomp.comma.datastructures.Comma,1,BRANCH;LINE;CBRANCH,0.40524781341107874,686,0.3763440860215054,0.4426751592356688,0.3709677419354839,278,141
org.cogcomp.re.RelationFeatureExtractor,5,BRANCH;LINE;CBRANCH,0.48776223776223776,1144,0.4268292682926829,0.5717213114754098,0.42378048780487804,558,143
org.cogcomp.re.RelationFeatureExtractor,2,BRANCH;LINE;CBRANCH,0.486013986013986,1144,0.4268292682926829,0.5676229508196722,0.42378048780487804,556,145
org.cogcomp.re.RelationFeatureExtractor,3,BRANCH;LINE;CBRANCH,0.5096153846153846,1144,0.45426829268292684,0.5840163934426229,0.45426829268292684,583,167
org.cogcomp.re.RelationFeatureExtractor,4,BRANCH;LINE;CBRANCH,0.5113636363636364,1144,0.4603658536585366,0.5819672131147541,0.4573170731707317,585,150
org.cogcomp.re.RelationFeatureExtractor,1,BRANCH;LINE;CBRANCH,0.5157342657342657,1144,0.4634146341463415,0.5860655737704918,0.4634146341463415,590,155
gate.annotation.CorpusAnnotationDiff,1,BRANCH;LINE;CBRANCH,0.45132743362831856,1243,0.45987654320987653,0.44201680672268906,0.45987654320987653,561,159
gate.annotation.CorpusAnnotationDiff,4,BRANCH;LINE;CBRANCH,0.45374094931617054,1243,0.46296296296296297,0.4436974789915966,0.46296296296296297,564,163
gate.annotation.CorpusAnnotationDiff,3,BRANCH;LINE;CBRANCH,0.45374094931617054,1243,0.46296296296296297,0.4436974789915966,0.46296296296296297,564,176
gate.annotation.CorpusAnnotationDiff,2,BRANCH;LINE;CBRANCH,0.45374094931617054,1243,0.46296296296296297,0.4436974789915966,0.46296296296296297,564,174
gate.annotation.CorpusAnnotationDiff,5,BRANCH;LINE;CBRANCH,0.45293644408688655,1243,0.46296296296296297,0.44201680672268906,0.46296296296296297,563,170
gate.creole.CreoleRegisterImpl,3,BRANCH;LINE;CBRANCH,0.5277777777777778,972,0.5217391304347826,0.5364806866952789,0.5177865612648221,513,192
gate.creole.CreoleRegisterImpl,4,BRANCH;LINE;CBRANCH,0.45164609053497945,972,0.43478260869565216,0.4742489270386266,0.4268774703557312,439,156
gate.creole.CreoleRegisterImpl,5,BRANCH;LINE;CBRANCH,0.5277777777777778,972,0.5217391304347826,0.5364806866952789,0.5177865612648221,513,192
gate.creole.CreoleRegisterImpl,2,BRANCH;LINE;CBRANCH,0.45164609053497945,972,0.43478260869565216,0.4742489270386266,0.4268774703557312,439,156
gate.creole.CreoleRegisterImpl,1,BRANCH;LINE;CBRANCH,0.45164609053497945,972,0.43478260869565216,0.4742489270386266,0.4268774703557312,439,156
gate.util.CorpusBenchmarkTool,1,BRANCH;LINE;CBRANCH,0.5779547359597653,2386,0.5804195804195804,0.5756843800322061,0.5804195804195804,1379,210
gate.util.CorpusBenchmarkTool,2,BRANCH;LINE;CBRANCH,0.5834031852472757,2386,0.5891608391608392,0.5780998389694042,0.5891608391608392,1392,213
gate.util.CorpusBenchmarkTool,3,BRANCH;LINE;CBRANCH,0.6010058675607711,2386,0.6153846153846154,0.5877616747181964,0.6153846153846154,1434,231
gate.util.CorpusBenchmarkTool,5,BRANCH;LINE;CBRANCH,0.5725062866722548,2386,0.5804195804195804,0.5652173913043478,0.5804195804195804,1366,221
gate.util.CorpusBenchmarkTool,4,BRANCH;LINE;CBRANCH,0.5498742665549036,2386,0.5437062937062938,0.5555555555555556,0.5437062937062938,1312,214
edu.stanford.nlp.pipeline.RelationExtractorAnnotator,4,BRANCH;LINE;CBRANCH,0.27350427350427353,117,0.18518518518518517,0.3492063492063492,0.18518518518518517,32,8
edu.stanford.nlp.pipeline.RelationExtractorAnnotator,5,BRANCH;LINE;CBRANCH,0.27350427350427353,117,0.18518518518518517,0.3492063492063492,0.18518518518518517,32,7
edu.stanford.nlp.pipeline.RelationExtractorAnnotator,3,BRANCH;LINE;CBRANCH,0.27350427350427353,117,0.18518518518518517,0.3492063492063492,0.18518518518518517,32,7
edu.stanford.nlp.pipeline.RelationExtractorAnnotator,2,BRANCH;LINE;CBRANCH,0.27350427350427353,117,0.18518518518518517,0.3492063492063492,0.18518518518518517,32,7
edu.stanford.nlp.pipeline.RelationExtractorAnnotator,1,BRANCH;LINE;CBRANCH,0.27350427350427353,117,0.18518518518518517,0.3492063492063492,0.18518518518518517,32,9
opennlp.tools.chunker.ChunkerME,1,BRANCH;LINE;CBRANCH,0.704225352112676,71,0.6666666666666666,0.7317073170731707,0.6666666666666666,50,23
opennlp.tools.chunker.ChunkerME,4,BRANCH;LINE;CBRANCH,0.704225352112676,71,0.6666666666666666,0.7317073170731707,0.6666666666666666,50,23
opennlp.tools.chunker.ChunkerME,2,BRANCH;LINE;CBRANCH,0.704225352112676,71,0.6666666666666666,0.7317073170731707,0.6666666666666666,50,23
opennlp.tools.chunker.ChunkerME,3,BRANCH;LINE;CBRANCH,0.6197183098591549,71,0.5333333333333333,0.6829268292682927,0.5333333333333333,44,25
opennlp.tools.chunker.ChunkerME,5,BRANCH;LINE;CBRANCH,0.704225352112676,71,0.6666666666666666,0.7317073170731707,0.6666666666666666,50,23
opennlp.tools.formats.Conll03NameSampleStream,1,BRANCH;LINE;CBRANCH,0.7795698924731183,186,0.7586206896551724,0.8142857142857143,0.7586206896551724,145,25
opennlp.tools.formats.Conll03NameSampleStream,2,BRANCH;LINE;CBRANCH,0.978494623655914,186,1.0,0.9428571428571428,1.0,182,48
opennlp.tools.formats.Conll03NameSampleStream,4,BRANCH;LINE;CBRANCH,0.978494623655914,186,1.0,0.9428571428571428,1.0,182,48
opennlp.tools.formats.Conll03NameSampleStream,5,BRANCH;LINE;CBRANCH,0.6774193548387096,186,0.6379310344827587,0.7428571428571429,0.6379310344827587,126,26
opennlp.tools.formats.Conll03NameSampleStream,3,BRANCH;LINE;CBRANCH,0.978494623655914,186,1.0,0.9428571428571428,1.0,182,48
opennlp.tools.langdetect.LanguageDetectorME,2,BRANCH;LINE;CBRANCH,0.9207920792079208,202,0.8846153846153846,0.9693877551020408,0.8653846153846154,186,41
opennlp.tools.langdetect.LanguageDetectorME,5,BRANCH;LINE;CBRANCH,0.8960396039603961,202,0.8461538461538461,0.9591836734693877,0.8269230769230769,181,31
opennlp.tools.langdetect.LanguageDetectorME,4,BRANCH;LINE;CBRANCH,0.8910891089108911,202,0.8461538461538461,0.9591836734693877,0.8076923076923077,180,34
opennlp.tools.langdetect.LanguageDetectorME,3,BRANCH;LINE;CBRANCH,0.9356435643564357,202,0.9038461538461539,0.9795918367346939,0.8846153846153846,189,42
opennlp.tools.langdetect.LanguageDetectorME,1,BRANCH;LINE;CBRANCH,0.9356435643564357,202,0.9038461538461539,0.9795918367346939,0.8846153846153846,189,42
opennlp.tools.languagemodel.NGramLanguageModel,5,BRANCH;LINE;CBRANCH,0.8120300751879699,133,0.8,0.8253968253968254,0.8,108,19
opennlp.tools.languagemodel.NGramLanguageModel,2,BRANCH;LINE;CBRANCH,0.8120300751879699,133,0.8,0.8253968253968254,0.8,108,22
opennlp.tools.languagemodel.NGramLanguageModel,3,BRANCH;LINE;CBRANCH,0.8120300751879699,133,0.8,0.8253968253968254,0.8,108,24
opennlp.tools.languagemodel.NGramLanguageModel,4,BRANCH;LINE;CBRANCH,0.8120300751879699,133,0.8,0.8253968253968254,0.8,108,23
opennlp.tools.languagemodel.NGramLanguageModel,1,BRANCH;LINE;CBRANCH,0.8120300751879699,133,0.8,0.8253968253968254,0.8,108,23
opennlp.tools.namefind.NameFinderME,5,BRANCH;LINE;CBRANCH,0.7643312101910829,157,0.7352941176470589,0.7865168539325843,0.7352941176470589,120,28
opennlp.tools.namefind.NameFinderME,4,BRANCH;LINE;CBRANCH,0.7643312101910829,157,0.7352941176470589,0.7865168539325843,0.7352941176470589,120,28
opennlp.tools.namefind.NameFinderME,3,BRANCH;LINE;CBRANCH,0.7643312101910829,157,0.7352941176470589,0.7865168539325843,0.7352941176470589,120,28
opennlp.tools.namefind.NameFinderME,2,BRANCH;LINE;CBRANCH,0.7643312101910829,157,0.7352941176470589,0.7865168539325843,0.7352941176470589,120,28
opennlp.tools.namefind.NameFinderME,1,BRANCH;LINE;CBRANCH,0.7643312101910829,157,0.7352941176470589,0.7865168539325843,0.7352941176470589,120,28
opennlp.tools.postag.POSTaggerFactory,5,BRANCH;LINE;CBRANCH,0.8561643835616438,292,0.8227848101265823,0.9029850746268657,0.810126582278481,250,71
opennlp.tools.postag.POSTaggerFactory,2,BRANCH;LINE;CBRANCH,0.8561643835616438,292,0.8227848101265823,0.9029850746268657,0.810126582278481,250,73
opennlp.tools.postag.POSTaggerFactory,3,BRANCH;LINE;CBRANCH,0.8424657534246576,292,0.7974683544303798,0.9029850746268657,0.7848101265822784,246,64
opennlp.tools.postag.POSTaggerFactory,4,BRANCH;LINE;CBRANCH,0.8561643835616438,292,0.8227848101265823,0.9029850746268657,0.810126582278481,250,65
opennlp.tools.postag.POSTaggerFactory,1,BRANCH;LINE;CBRANCH,0.8561643835616438,292,0.8227848101265823,0.9029850746268657,0.810126582278481,250,65
opennlp.tools.postag.POSTaggerME,2,BRANCH;LINE;CBRANCH,0.8538461538461538,260,0.8695652173913043,0.8360655737704918,0.8695652173913043,222,65
opennlp.tools.postag.POSTaggerME,5,BRANCH;LINE;CBRANCH,0.8538461538461538,260,0.8695652173913043,0.8360655737704918,0.8695652173913043,222,57
opennlp.tools.postag.POSTaggerME,4,BRANCH;LINE;CBRANCH,0.8538461538461538,260,0.8695652173913043,0.8360655737704918,0.8695652173913043,222,63
opennlp.tools.postag.POSTaggerME,3,BRANCH;LINE;CBRANCH,0.8538461538461538,260,0.8695652173913043,0.8360655737704918,0.8695652173913043,222,61
opennlp.tools.postag.POSTaggerME,1,BRANCH;LINE;CBRANCH,0.8538461538461538,260,0.8695652173913043,0.8360655737704918,0.8695652173913043,222,68
opennlp.tools.tokenize.TokenizerME,4,BRANCH;LINE;CBRANCH,0.9393939393939394,132,0.9259259259259259,0.9487179487179487,0.9259259259259259,124,30
opennlp.tools.tokenize.TokenizerME,3,BRANCH;LINE;CBRANCH,0.9393939393939394,132,0.9259259259259259,0.9487179487179487,0.9259259259259259,124,36
opennlp.tools.tokenize.TokenizerME,2,BRANCH;LINE;CBRANCH,0.9621212121212122,132,0.9629629629629629,0.9615384615384616,0.9629629629629629,127,31
opennlp.tools.tokenize.TokenizerME,5,BRANCH;LINE;CBRANCH,0.9621212121212122,132,0.9629629629629629,0.9615384615384616,0.9629629629629629,127,31
opennlp.tools.tokenize.TokenizerME,1,BRANCH;LINE;CBRANCH,0.8863636363636364,132,0.8518518518518519,0.9102564102564102,0.8518518518518519,117,29
gate.creole.annic.lucene.SubQueryParser,3,BRANCH;LINE;CBRANCH,0.9478764478764479,518,0.9194630872483222,0.9863636363636363,0.9194630872483222,491,45
gate.creole.annic.lucene.SubQueryParser,4,BRANCH;LINE;CBRANCH,0.9478764478764479,518,0.9194630872483222,0.9863636363636363,0.9194630872483222,491,47
gate.creole.annic.lucene.SubQueryParser,5,BRANCH;LINE;CBRANCH,0.9478764478764479,518,0.9194630872483222,0.9863636363636363,0.9194630872483222,491,45
gate.creole.annic.lucene.SubQueryParser,2,BRANCH;LINE;CBRANCH,0.9478764478764479,518,0.9194630872483222,0.9863636363636363,0.9194630872483222,491,48
gate.creole.annic.lucene.SubQueryParser,1,BRANCH;LINE;CBRANCH,0.9478764478764479,518,0.9194630872483222,0.9863636363636363,0.9194630872483222,491,53
cc.mallet.classify.NaiveBayesTrainer,2,BRANCH;LINE;CBRANCH,0.9722222222222222,288,0.9473684210526315,1.0,0.9473684210526315,280,80
cc.mallet.classify.NaiveBayesTrainer,1,BRANCH;LINE;CBRANCH,0.9722222222222222,288,0.9473684210526315,1.0,0.9473684210526315,280,79
cc.mallet.classify.NaiveBayesTrainer,3,BRANCH;LINE;CBRANCH,0.9722222222222222,288,0.9473684210526315,1.0,0.9473684210526315,280,79
cc.mallet.classify.NaiveBayesTrainer,5,BRANCH;LINE;CBRANCH,0.9722222222222222,288,0.9473684210526315,1.0,0.9473684210526315,280,79
cc.mallet.classify.NaiveBayesTrainer,4,BRANCH;LINE;CBRANCH,0.9722222222222222,288,0.9473684210526315,1.0,0.9473684210526315,280,79
cc.mallet.classify.NaiveBayes,1,BRANCH;LINE;CBRANCH,0.8262910798122066,213,0.8245614035087719,0.8282828282828283,0.8245614035087719,176,43
cc.mallet.classify.NaiveBayes,3,BRANCH;LINE;CBRANCH,0.8169014084507042,213,0.8070175438596491,0.8282828282828283,0.8070175438596491,174,45
cc.mallet.classify.NaiveBayes,4,BRANCH;LINE;CBRANCH,0.8169014084507042,213,0.8070175438596491,0.8282828282828283,0.8070175438596491,174,42
cc.mallet.classify.NaiveBayes,5,BRANCH;LINE;CBRANCH,0.8262910798122066,213,0.8245614035087719,0.8282828282828283,0.8245614035087719,176,40
cc.mallet.classify.NaiveBayes,2,BRANCH;LINE;CBRANCH,0.7652582159624414,213,0.7543859649122807,0.7777777777777778,0.7543859649122807,163,48
edu.stanford.nlp.pipeline.StanfordCoreNLP,1,BRANCH;LINE;CBRANCH,0.6177304964539007,1410,0.5732984293193717,0.6702786377708978,0.5732984293193717,871,87
edu.stanford.nlp.pipeline.StanfordCoreNLP,4,BRANCH;LINE;CBRANCH,0.5666666666666667,1410,0.5340314136125655,0.6424148606811145,0.4712041884816754,799,83
edu.stanford.nlp.pipeline.StanfordCoreNLP,3,BRANCH;LINE;CBRANCH,0.548936170212766,1410,0.4973821989528796,0.6176470588235294,0.48429319371727747,774,87
edu.stanford.nlp.pipeline.StanfordCoreNLP,2,BRANCH;LINE;CBRANCH,0.4595744680851064,1410,0.42408376963350786,0.5046439628482973,0.418848167539267,648,96
edu.stanford.nlp.pipeline.StanfordCoreNLP,5,BRANCH;LINE;CBRANCH,0.40921985815602835,1410,0.4162303664921466,0.40092879256965946,0.4162303664921466,577,101
edu.stanford.nlp.pipeline.SentimentAnnotator,2,BRANCH;LINE;CBRANCH,0.16666666666666666,102,0.08333333333333333,0.24074074074074073,0.08333333333333333,17,2
edu.stanford.nlp.pipeline.SentimentAnnotator,5,BRANCH;LINE;CBRANCH,0.16666666666666666,102,0.08333333333333333,0.24074074074074073,0.08333333333333333,17,2
edu.stanford.nlp.pipeline.SentimentAnnotator,4,BRANCH;LINE;CBRANCH,0.16666666666666666,102,0.08333333333333333,0.24074074074074073,0.08333333333333333,17,2
edu.stanford.nlp.pipeline.SentimentAnnotator,3,BRANCH;LINE;CBRANCH,0.16666666666666666,102,0.08333333333333333,0.24074074074074073,0.08333333333333333,17,2
edu.stanford.nlp.pipeline.SentimentAnnotator,1,BRANCH;LINE;CBRANCH,0.16666666666666666,102,0.08333333333333333,0.24074074074074073,0.08333333333333333,17,2
edu.stanford.nlp.parser.lexparser.EnglishTreebankParserParams,3,BRANCH;LINE;CBRANCH,0.15528596187175042,5770,0.10790067720090293,0.3119402985074627,0.10790067720090293,896,200
edu.stanford.nlp.parser.lexparser.EnglishTreebankParserParams,4,BRANCH;LINE;CBRANCH,0.15511265164644714,5770,0.10835214446952596,0.31044776119402984,0.10790067720090293,895,204
edu.stanford.nlp.parser.lexparser.EnglishTreebankParserParams,5,BRANCH;LINE;CBRANCH,0.1660311958405546,5770,0.11783295711060948,0.3253731343283582,0.11783295711060948,958,195
edu.stanford.nlp.parser.lexparser.EnglishTreebankParserParams,2,BRANCH;LINE;CBRANCH,0.1663778162911612,5770,0.11783295711060948,0.32686567164179103,0.11783295711060948,960,206
edu.stanford.nlp.parser.lexparser.EnglishTreebankParserParams,1,BRANCH;LINE;CBRANCH,0.15788561525129982,5770,0.109255079006772,0.31865671641791044,0.109255079006772,911,204
cc.mallet.fst.CRF,2,BRANCH;LINE;CBRANCH,0.8139347563431333,2483,0.7853185595567868,0.8537054860442733,0.7853185595567868,2021,509
cc.mallet.fst.CRF,5,BRANCH;LINE;CBRANCH,0.8280306081353201,2483,0.7991689750692521,0.8681424446583254,0.7991689750692521,2056,551
cc.mallet.fst.CRF,4,BRANCH;LINE;CBRANCH,0.7096254530809505,2483,0.6759002770083102,0.7651588065447545,0.6634349030470914,1762,285
cc.mallet.fst.CRF,3,BRANCH;LINE;CBRANCH,0.8030608135320177,2483,0.7686980609418282,0.8546679499518768,0.7631578947368421,1994,295
cc.mallet.fst.CRF,1,BRANCH;LINE;CBRANCH,0.702778896496174,2483,0.6731301939058172,0.7487969201154957,0.6662049861495845,1745,282
opennlp.tools.stemmer.PorterStemmer,1,BRANCH;LINE;CBRANCH,0.9826175869120655,978,0.9799426934097422,0.9892857142857143,0.9799426934097422,961,117
opennlp.tools.stemmer.PorterStemmer,4,BRANCH;LINE;CBRANCH,0.983640081799591,978,0.9828080229226361,0.9857142857142858,0.9828080229226361,962,119
opennlp.tools.stemmer.PorterStemmer,3,BRANCH;LINE;CBRANCH,0.9815950920245399,978,0.9799426934097422,0.9857142857142858,0.9799426934097422,960,115
opennlp.tools.stemmer.PorterStemmer,2,BRANCH;LINE;CBRANCH,0.9775051124744376,978,0.9742120343839542,0.9857142857142858,0.9742120343839542,956,118
opennlp.tools.stemmer.PorterStemmer,5,BRANCH;LINE;CBRANCH,0.9826175869120655,978,0.9799426934097422,0.9892857142857143,0.9799426934097422,961,116